{"stats":{"minecraft:custom":{"minecraft:mob_kills":23,"minecraft:open_barrel":13,"minecraft:play_one_minute":18376815,"minecraft:leave_game":63,"minecraft:time_since_death":18376815,"minecraft:climb_one_cm":449,"minecraft:time_since_rest":18376815,"minecraft:sprint_one_cm":4143368,"minecraft:walk_one_cm":3936653,"minecraft:drop":26,"minecraft:minecart_one_cm":16372,"minecraft:damage_dealt":969,"minecraft:swim_one_cm":40526,"minecraft:talked_to_villager":7,"minecraft:fly_one_cm":22865932,"minecraft:open_chest":2,"minecraft:crouch_one_cm":312719,"minecraft:sneak_time":134996,"minecraft:walk_under_water_one_cm":85484,"minecraft:jump":20964,"minecraft:walk_on_water_one_cm":88925},"minecraft:dropped":{"minecraft:kelp":2,"minecraft:vine":1,"minecraft:wheat_seeds":1,"minecraft:gray_stained_glass_pane":1,"minecraft:oak_log":1,"minecraft:cobblestone":1,"minecraft:bubble_coral_fan":3,"minecraft:cobblestone_slab":1,"minecraft:stone":2,"minecraft:mutton":2,"minecraft:wooden_axe":1,"minecraft:fire_coral_fan":3,"minecraft:stone_bricks":1,"minecraft:brain_coral":1,"minecraft:tube_coral":3,"minecraft:splash_potion":1,"minecraft:dandelion":1},"minecraft:killed":{"minecraft:wandering_trader":7,"minecraft:sheep":1,"minecraft:trader_llama":14},"minecraft:used":{"minecraft:water_bucket":43,"minecraft:iron_bars":22,"minecraft:cobblestone_stairs":1445,"minecraft:spruce_door":108,"minecraft:flint_and_steel":6,"minecraft:red_stained_glass":38,"minecraft:gray_carpet":16,"minecraft:bubble_coral_fan":8,"minecraft:ender_pearl":7,"minecraft:chest":8,"minecraft:spruce_planks":2259,"minecraft:stone":10,"minecraft:cobblestone_slab":181,"minecraft:tube_coral":23,"minecraft:spruce_leaves":220,"minecraft:orange_stained_glass":21,"minecraft:brain_coral":13,"minecraft:torch":13,"minecraft:vine":3,"minecraft:oak_slab":246,"minecraft:crafting_table":1,"minecraft:cobblestone_wall":44,"minecraft:gray_concrete":384,"minecraft:jungle_trapdoor":55,"minecraft:spruce_fence":518,"minecraft:oak_log":10095,"minecraft:stone_brick_slab":99,"minecraft:gray_stained_glass_pane":40,"minecraft:yellow_stained_glass":6,"minecraft:lantern":148,"minecraft:grass_block":394,"minecraft:oak_stairs":2869,"minecraft:stone_brick_stairs":21,"minecraft:stone_bricks":1114,"minecraft:chiseled_stone_bricks":4,"minecraft:glowstone":48,"minecraft:diamond_sword":30,"minecraft:cobblestone":6774,"minecraft:horn_coral":9,"minecraft:white_stained_glass_pane":66,"minecraft:glass_pane":76,"minecraft:smooth_stone_slab":155,"minecraft:air":31363,"minecraft:white_concrete":488,"minecraft:fire_coral_fan":22,"minecraft:kelp":62,"minecraft:smooth_stone":39,"minecraft:splash_potion":756,"minecraft:horn_coral_fan":15},"minecraft:picked_up":{"minecraft:wooden_axe":1,"minecraft:bubble_coral_fan":2,"minecraft:lead":2,"minecraft:diamond_sword":1,"minecraft:oak_log":1,"minecraft:kelp":1,"minecraft:wheat_seeds":2,"minecraft:redstone_torch":1,"minecraft:cobblestone_slab":1,"minecraft:stone":1,"minecraft:dandelion":1,"minecraft:tube_coral":2,"minecraft:fire_coral_fan":2,"minecraft:mutton":2,"minecraft:cobblestone":1}},"DataVersion":1963}