{"stats":{"minecraft:used":{"minecraft:oak_door":4,"minecraft:oak_log":182,"minecraft:bedrock":9,"minecraft:torch":10,"minecraft:cobblestone_stairs":33,"minecraft:cobblestone":1079,"minecraft:spruce_door":30,"minecraft:oak_slab":38,"minecraft:oak_stairs":159,"minecraft:lantern":4,"minecraft:grass_block":75,"minecraft:spruce_planks":487,"minecraft:spruce_fence":32},"minecraft:custom":{"minecraft:time_since_rest":127334,"minecraft:open_chest":1,"minecraft:crouch_one_cm":1547,"minecraft:play_one_minute":127334,"minecraft:sprint_one_cm":138127,"minecraft:walk_one_cm":299646,"minecraft:sneak_time":3976,"minecraft:walk_under_water_one_cm":268,"minecraft:drop":2,"minecraft:jump":414,"minecraft:leave_game":7,"minecraft:walk_on_water_one_cm":1061,"minecraft:time_since_death":127334,"minecraft:swim_one_cm":1311,"minecraft:fall_one_cm":1312,"minecraft:fly_one_cm":703973},"minecraft:dropped":{"minecraft:lead":2},"minecraft:picked_up":{"minecraft:lead":2}},"DataVersion":1963}