{"stats":{"minecraft:used":{"minecraft:bedrock":9,"minecraft:oak_door":4,"minecraft:torch":10,"minecraft:spruce_planks":397,"minecraft:cobblestone":619,"minecraft:spruce_door":12,"minecraft:oak_stairs":8},"minecraft:picked_up":{"minecraft:lead":2},"minecraft:dropped":{"minecraft:lead":2},"minecraft:custom":{"minecraft:jump":189,"minecraft:open_chest":1,"minecraft:time_since_rest":47207,"minecraft:crouch_one_cm":1014,"minecraft:play_one_minute":47207,"minecraft:walk_on_water_one_cm":19,"minecraft:sprint_one_cm":54623,"minecraft:time_since_death":47207,"minecraft:walk_one_cm":149733,"minecraft:sneak_time":1196,"minecraft:drop":2,"minecraft:fall_one_cm":1312,"minecraft:fly_one_cm":282046,"minecraft:leave_game":1}},"DataVersion":1963}